Temperature_Shift,CONST_Multiplier,TEMPR_Multiplier,WATEV_Multiplier,samp_id
-0.291121809332061,147.895501639368,45.5269541836127,0.484269536218448,1
-1.03253535687354,0.231830181319258,72.8520754059072,436.811420206164,2
-0.639668925785718,35.270558815324,124.518148217383,433.384051583178,3
0.366997655221728,13.4180324514721,34.0551344595801,318.469163372975,4
0.102453299094804,7.53439282046065,65.0156138042737,434.941855424271,5
-1.0057162018216,82.2459646662426,29.3121618813104,0.136187832823531,6
-0.1034805272553,165.559763830239,20.0845754727609,0.00783788087433456,7
1.27177593296382,115.28884871143,7.1678157056789,0.512629339373542,8
3.14452746954399,10.531454784431,45.0102058989236,46.5794128880867,9
1.68292117158822,39.6575315768069,6.07936376448178,9.54811729572053,10
0.516213067584345,24.5764896583381,35.3477366201836,0.0189152968029797,11
2.21480428313013,90.0616509781517,2.88738741069794,17.8916644428772,12
-0.708073053780011,94.9285541492737,8.54898024098114,78.0314660398859,13
-1.33163363234098,158.067145895482,4.08004389959532,0.00587168065775709,14
-0.142628374406994,100.472208319173,0.427445702880221,0.00425897705688013,15
0.34655810318177,1.75563750035035,7.35536301175335,425.456713884009,16
2.22078020955002,117.081628990808,3.01622446279487,1.37774456778151,17
3.46711414355661,17.1737893353706,548.662599280833,0.109785955740636,18
-0.0950985035887558,0.0200189140303953,251.678996106571,141.962135275241,19
1.43009000194091,90.3580774655046,3.47296604905611,161.271855084618,20
-0.621400831554096,9.84719193131123,1.35512600455459,623.973145332305,21
-1.38680947541753,155.924119525559,0.68624328376756,1.04168016001969,22
2.78575427982629,17.0798420927638,1.58964048034075,402.422576430518,23
-1.14568540908865,259.930642844084,11.6774497216829,0.00371684848553044,24
-2.31109130929631,141.4189836726,0.977507762078108,0.644839598272706,25
-3.01421807657082,10.9233125499391,3.15954217947628,3.80287357395316,26
0.933046461152038,9.24781000752864,289.927557796923,1.78774845948863,27
2.08778605140934,407.104244110361,216.777049430319,0.0108004562949606,28
-1.18933293337556,1.10285241878341,34.8572963122606,346.196069633934,29
1.10443889267129,443.905380158564,215.250152470195,0.00250161180073035,30
-4.90792788633887,0.421526217705275,8.32427848310461,674.036423683573,31
-0.781250125454232,89.5588743153637,9.76412650598934,6.44472791854479e-06,32
-4.73318805202904,22.4821072169765,15.8054097749016,124.062820526748,33
-1.76488062213974,935.438773533903,0.539322769111444,0.0588571506570681,34
-0.618242417065109,401.349820103476,18.4534591747609,0.00481110809371372,35
-3.42271704386163,2.31185469328379,8.269672988195,4.22125583558625,36
3.51959241478354,118.590054404291,944.117156779599,6.80866543483212e-07,37
-0.777093938691537,182.57017063076,15.3706565823561,0.14004672182505,38
-1.09625980139609,175.952339487398,20.163480413457,127.030733288107,39
2.21091096183191,27.4525173082721,43.6994296746875,0.00943604832465346,40
1.89128810169868,164.933320339015,0.103131967070865,0.101575191855058,41
0.405561160776141,546.270213066188,111.310479193558,0.00788038096933832,42
-1.6045134289056,538.719215352461,3.76140700349137,0.0875083816505508,43
1.44695991246405,190.03074978157,42.108554106591,0.0109432794108978,44
-3.24179664643412,0.0179650853406181,15.9424296153219,7.55466351939731,45
-2.591045754163,12.9537597365233,0.647869619217347,303.391718172862,46
2.35077976907681,5.51953135794216,31.6279465597665,0.138845350796626,47
-1.77226103050031,0.040711533650954,63.0627985692197,2.03720112600708,48
-0.931501010078388,0.0934682273336148,37.0287975411684,119.928739067241,49
1.76717461920176,0.0236425535294731,950.384328834542,0.18433397901461,50
-4.19914245856659,0.0119346462013557,189.885530129634,257.200722792524,51
-0.968535075330321,2.49552823865593,4.3827424426631,104.280818172417,52
-3.41344274779108,0.182793726762353,147.753584188249,188.660079955847,53
-0.513121276938803,0.00153339847505224,992.421887097383,0.0329944030698559,54
-0.954655526462479,1.29816294512405,326.289937702442,512.600964669907,55
-3.54579371015773,0.00477974924907971,46.2692504332671,134.403274565354,56
0.565522496862699,4.6413905213964,27.261757245547,119.063276256795,57
-0.937554217336023,3.49798100468858,33.7969768525897,312.057147010262,58
-0.936755573222429,2.31880138698691,6.03500810539566,105.735258191936,59
-1.85154420506379,0.0244389677394306,5.62709953099269,1.24408900298049,60
-0.286254648885248,0.0380934826368796,715.387041139952,7.06779287725199,61
-1.20975420271596,0.0263651714109455,21.1597465309921,747.790395871938,62
-2.33227492296302,0.570757255588669,82.634219140514,22.6322346774765,63
2.0656297871446,15.6180344455812,727.45424531032,26.7089464817876,64
-0.473329725358061,6.33037518527432,13.3054083975405,53.6521524579385,65
-0.638197191503581,11.7196505131362,333.018338307672,0.0303933974916606,66
1.48331623891733,11.5527145301826,23.0309017997041,42.8042094944896,67
-0.735271841687331,89.5110538267467,185.556344160547,100.956237445384,68
-3.00357716138611,46.6505248101932,3.14711808468423,2.38225399929866,69
0.254955997031561,1.59754140205542,12.0437481925272,464.057732451286,70
0.143055339210734,64.4122418897575,190.174898767888,552.99441149005,71
-2.01852339538031,696.348804636896,157.493616315418,10.6928756279473,72
1.62677009945158,0.198509355567946,838.960341443062,0.615075256309797,73
4.6246784603318,0.80733347061862,86.1913654447167,0.00167103113651661,74
-2.16739654063142,242.490413174443,25.4049867084208,69.6227850846931,75
3.71493784292328,1.10228803262919,219.680835141969,358.927236649745,76
2.0950030362891,3.29935951480697,33.9364037644115,70.4737570784369,77
1.60965716116185,0.495902583785314,83.1956942618421,0.0256900731834081,78
0.310538793644656,8.84632423477338,757.966210640572,6.42084298458082,79
0.0278016304361057,279.140070657731,79.1231165218182,1.33067940359392,80
0.652265966319151,346.603290264892,3.38824934425367,0.0158629151649235,81
-0.905544797965658,71.040894971256,3.40260822554103,93.6908476476078,82
2.50262353951768,15.8310590839219,0.611539566587799,5.37433777060221,83
1.40481345387343,0.0444834074661114,593.147707661902,0.00318523263389735,84
3.76971410491811,0.161308059763604,123.731339883182,0.00117951001039437,85
-0.787965888557352,488.71169274575,77.8199933079801,0.00900518354459235,86
-0.236948987756707,14.3686924085892,21.4736321394984,381.427560943649,87
1.69982164725256,1.90317119476157,111.238676064584,0.96813003730582,88
-0.36914205370963,0.422914586395707,65.9551514146132,1.56632172429716,89
0.741993847558822,1.51873396479967,1.6621873252901,879.647935501945,90
3.507293409629,15.5256106299716,23.6300823492963,899.207667911388,91
-1.50548502679827,76.0904203631097,40.1663036652464,0.127441162711198,92
-0.95821297275801,6.41759352261652,115.698691085058,430.905306601731,93
4.26935113497632,6.64075657513059,248.029628286583,6.82602635415068,94
0.754813011186648,0.000280719502260108,209.110994080312,0.000652140256697198,95
-3.57983095113794,5.90129146134795,3.41515802186314,518.23806456883,96
-0.862504870667808,0.502741375459925,21.7400345356945,391.44326409068,97
-1.04070719844408,5.92477428570887,2.2663300959366,279.370960978417,98
-0.814896449887282,127.292447088043,0.0155310416898597,224.19757786512,99
-0.372642698406246,100.619274663539,2.26317052418572,0.00191078354460721,100
-2.78615221738666,2.37532334529858,0.198141121944205,27.579365570929,101
0.356898518261027,391.333439767318,33.1805774244661,3.92829068548938,102
-0.13613611695219,17.7671755419556,3.57685114837593,0.885008017798128,103
0.788251108205165,23.0198280942867,56.8262721864367,248.277515993579,104
3.74463813746209,1.09508107867335,281.501628074047,0.199880191265805,105
-2.11152324226582,5.96881042247937,45.5438521694519,23.4809675760748,106
-1.11825475500604,0.0365185823723629,474.884734779848,934.814141982891,107
-0.317724589354302,1.92834588803363,53.3905752546967,0.0451862925871805,108
-3.88130035033611,0.00867240369550709,284.113852379089,3.85277779411317,109
0.720683925872879,4.40938485221899,16.6421709481519,10.3465007371831,110
2.34152256707369,3.06011935505387,371.328032851373,551.512301998501,111
0.323914890510982,0.730231638507583,199.129372565511,98.1603288779073,112
-3.01908810903695,0.0803293422618874,28.7127359205321,38.1523773903719,113
-1.22868694484733,14.2705296209054,54.0500157070369,4.20641716724049,114
-1.73843202320093,0.112796112445305,757.701722940991,19.1019323032125,115
-1.97198067157467,155.481855882317,7.89692901814145,272.237033588236,116
3.64774464264729,6.45868462681853,549.905283567832,44.9764272429838,117
-0.301157706298868,206.983232040112,30.9824272153133,3.48681863690903,118
2.91435098086828,0.00468393609101188,151.136535637687,0.248914781529231,119
0.0667251797192039,51.7264244476767,0.188535501355786,15.4251312307333,120
1.11314144816711,2.27534988364241,814.865274026101,0.00147998899675964,121
-3.7864066807606,1.32181140287461,134.134892900812,232.05677803015,122
-3.4388818912705,13.5998811463521,45.264084824107,1.27672818718495,123
-1.73943248300029,25.9890067061498,231.459718282467,4.04104944805063e-05,124
0.15381520448028,710.732741477001,44.9444835552657,0.000201425075835535,125
-0.32361695038976,35.0976950618597,49.5546918959889,1.70889338260187e-05,126
-1.16504858757427,6.39588149635307,46.060981199131,1.24913831334566,127
-2.50959706956786,94.6618506964938,3.10166576034795,0.000161842678908697,128
-0.507155643503355,25.3405228165287,20.4413870674187,2.62354321981759,129
0.555164402605342,1.11355344977821,28.4165394323469,60.176559815374,130
-2.52211126780057,0.659110416218494,5.15865481776459,0.964886572547033,131
-2.36505567473937,30.5603826958082,74.9106221220676,0.0228550444096165,132
2.85560550923084,89.3805236579568,4.58089836324033,46.7671870371597,133
-2.32369273953572,4.0111383734375,15.5831699685511,87.1273905501719,134
0.950895898430011,0.565455401554489,381.089441309605,1.19834682117095,135
2.53762519919841,28.2680600259511,1.76626865891951,8.360626559583,136
-0.556995788897216,229.48075622639,1.63286988600336,0.0169342175046821,137
-4.34560399753474,56.8600137053218,0.0237169997512375,4.20028393407561e-06,138
-3.29907299777453,301.367646403134,62.3187162274693,0.000189213120265269,139
-0.593602299904024,1.69373147263055,0.263059441776091,1.1217240363279e-07,140
0.00644102261431655,260.427824068724,1.9797646358462,1.64074858637986e-05,141
4.94408789688373,116.854646677266,531.172669318775,0.000666239244777292,142
2.15550463191295,56.002582931033,412.095312687658,518.112336171065,143
2.1475046017434,29.5391740048909,2.08715914287666,9.99551378364865e-06,144
4.78358744870639,285.116607710207,5.75016882488004,2.82568464717665,145
-1.00018675487155,110.676912306997,93.7383561990498,1.74018256197836e-06,146
2.30377270393896,978.731513570214,243.150548289894,1.05544251162313e-06,147
1.97337807858327,127.216982094724,24.7751786606582,0.000853468125764536,148
-1.01378195533476,546.938006780245,132.715054424271,4.31274957511719e-06,149
-0.834677985849586,105.604902875104,807.437836500212,3.95115755668023e-05,150
-0.138150759600206,490.177651754652,14.611324682131,0.00352177722379617,151
-0.935597543825114,650.590728092724,2.01658924254863,3.11767193095325e-07,152
-0.155637067154304,51.2522788238977,1.17143980593105,13.7596429739649,153
-1.52105712087722,19.196728694915,164.704297226124,0.302067751065319,154
1.91448770111478,109.805576679667,1.56515172179435,0.00622749437236641,155
1.50277251790659,244.476888429667,0.30636254715545,0.0150105234599701,156
-1.72360595867981,754.97994447943,27.4547083095019,0.166796815691161,157
-0.39512695782197,0.877595630841651,404.862639714532,284.385101781398,158
2.25161994371858,33.0766571916023,282.461329410701,199.133855201147,159
1.09515017086758,4.5341699958391,0.465424770271131,3.51673820554717,160
1.71808384269569,4.54555149706536,5.137757137635,0.375891126135644,161
-2.03678952483774,298.425580264717,0.777944367839195,211.292101217901,162
-2.08891626878764,3.46453135214876,61.1787918782081,62.7068434617047,163
0.469204748748607,763.489103141739,0.637247767932865,28.3485267866654,164
3.06167429509953,1.54578929896683,120.718619080284,0.00671478282296043,165
2.59007900592964,15.6425983975704,0.407109682313695,2.43694294842812,166
1.59360450938612,41.2311525841449,16.9657570385116,0.379137939940728,167
4.97400235058182,188.958555196213,77.547260020619,0.0361669936814013,168
0.902764029780025,24.0673844264248,13.9288512372854,54.4980369664233,169
0.982161076187283,527.84600886306,201.60888098467,0.000530182260517275,170
4.41121905075834,232.557324577721,14.6402096754303,0.221000345917204,171
1.88508459250817,200.209501320652,3.05845428231402,0.00112579995394499,172
2.6671109392826,12.6749295233306,647.61160672781,81.3876012660911,173
2.37939371855652,96.6670237234472,0.541489513652183,3.98146341092736e-06,174
-1.98904108664484,554.544988991268,0.418933575071079,3.77869749607623,175
0.281946335870148,235.467527167073,153.297280687492,0.0731600202056234,176
-2.06888806552492,18.9236384233255,0.75287326233457,0.00484575643494051,177
1.9262016589724,17.6217222462853,5.04055878185887,25.6728541273066,178
3.450776782472,0.784394027080388,30.4029623218868,139.678580891919,179
3.8404002364738,0.00612106856463299,712.581832972448,0.740261949649399,180
4.71792386038899,246.542266214504,5.94979136791266,0.00156889480347874,181
0.71017040036112,0.122829332322831,16.4427092093286,0.0143976397012818,182
3.6655163869505,9.05901181124646,177.575703868505,18.381194710621,183
1.97898288479419,57.1690627626838,7.66420842521089,0.00634109651537055,184
3.02478145393344,136.282531936193,12.235967194991,0.660271864305606,185
3.75237576642824,137.358262625285,0.189639430223792,798.783768241025,186
3.56041164266814,1.93038977021299,614.664598792807,39.0412488146077,187
2.38767917963925,15.0671354516856,9.66776940295884,8.12126686535458,188
-1.54736603033382,176.927843873578,49.570686703952,1.1380858289018,189
0.850223341790285,0.0723990369396282,370.038805366478,23.3703379488666,190
4.66817353662436,31.9493743849503,3.8972949071537,31.4407604084967,191
1.88404418351219,0.0836688963369026,171.579091353093,3.16205068205167,192
0.687860396896495,7.41112422094221,151.962082456153,50.5172802384943,193
3.27066002115306,47.7578692483423,37.1434398284742,24.2715995932478,194
2.4547202068474,840.672016892085,142.377737069279,0.0611287320678371,195
3.76587393958053,0.505482218518739,59.2467074840592,203.962997060404,196
1.11155760017228,2.94079674877549,20.6378002341752,140.232714255981,197
3.03112759732931,3.61076729418629,91.3873154980352,36.9937970877836,198
-4.74598405377403,659.312815044219,1.32593490249779,1.20055138957243,199
2.95391434674638,397.180189149684,476.688684111555,0.00991264489738154,200
0.5501435247309,247.870328508058,17.8160686549869,0.00794141624110055,201
-0.0356922602179912,186.924403317679,46.2848337600426,0.0206640067118688,202
2.33149058969303,1.12459560956881,550.356148502677,1.71024584613716,203
-0.0683426030048819,925.589052684052,39.5662424233953,0.0635934035632833,204
2.43251518617586,234.35534541254,36.5217142294421,0.0995555565578733,205
2.255429612647,487.845645544152,1.94084598534713,12.7077310624962,206
2.96481392157059,10.3069868414237,0.409365933781457,0.0139591616701993,207
-2.31171065592158,0.379548995813143,10.6202459424606,23.4957361118078,208
3.09665970147888,37.338949605311,788.629467010366,620.297680219655,209
3.28618066841252,0.199892459772187,35.3249638030788,692.605682070487,210
4.23740739105165,422.210265408205,1.01919888109801,0.00124407078184424,211
0.46767397472668,2.59141877395241,175.694549817804,0.155781645492613,212
3.74701770354368,0.295844627757415,197.216709250442,0.643178878665459,213
1.33310564147481,183.004103781013,7.74608299129899,0.685613213585817,214
-0.796971540594672,440.630039144426,0.466686274670063,0.0813816183094503,215
0.192530136583382,139.98579919926,144.28927543073,0.0437625104831634,216
2.76822099040196,23.8711330723253,365.423881834454,0.0231779987057228,217
0.0353853294567344,10.3746314237909,827.932066616941,5.95450172286809e-07,218
1.40989082850274,9.19066676385147,47.1060228597634,0.0611524568932253,219
-1.65802200646152,5.23533283556236,2.266988255088,29.3313306849387,220
-1.35502807036427,223.410924289592,2.84587551006367,0.039046867118991,221
0.336354368790713,7.60847398707907,24.8294187827179,5.33059787198202,222
1.29792592796873,0.0180715741381191,725.462228510277,25.6209137511495,223
0.0328338836919768,953.273353812681,747.657817504411,7.26717962681661e-08,224
-1.26652072093368,152.003226169329,10.8070249136522,0.000994298793735305,225
-0.0146630796950413,7.67662450126011,81.2537567021934,0.0256959390620635,226
3.15420297533647,0.127342989937206,17.5987889858383,0.0154234315715416,227
-1.18466353081305,340.177313631363,3.01137158488986,0.00630416882729681,228
-2.81098079547811,84.9861553034464,14.0697471367908,6.64692323829449e-05,229
-1.20392401202274,94.8203866648445,9.23130807305003,2.91362420795562e-05,230
-1.04504755659256,0.680552361125575,818.092896909806,40.2567378350965,231
1.7591241703236,106.105967246133,1.25719909934098,4.98723682363122e-07,232
2.08910961458322,3.61937022621937,176.180212245106,0.00221230961462523,233
2.65469827371666,79.1917780577068,15.0472758708936,0.00150733749759228,234
1.83311670528185,516.946915238718,4.44283652518664,0.0116598984588938,235
4.15658236244799,48.9687216426492,1.43165938175419,115.308766875159,236
3.4052469074391,4.75920639345929,23.4864411920274,211.693637220891,237
1.81651560522186,371.201774730777,0.00574618547165076,241.161329343963,238
1.91699030561529,842.802859348336,7.38772867924419,0.148558827961391,239
2.69730328921665,62.6692408251224,2.19459973047544,0.142806883941991,240
3.0363334117203,20.1731204154275,4.44645078599077,71.5483009720676,241
4.59565069368575,345.770498283724,3.17982120433872,218.159030513201,242
1.93516688803155,47.6574807277823,0.583968301575198,998.988678546793,243
1.79181979600515,175.133347618361,109.977264035766,559.775653025104,244
3.48520383766684,30.1833224882935,1.49987022402046,21.2002785702088,245
2.42451331569482,1.05394211001455,0.182961228147739,8.035095858968e-05,246
4.22177798364155,266.609942237893,0.202086326419888,205.72192765345,247
4.65730542579027,234.031646196642,8.88751210408387,11.1905525151749,248
-0.958893825250856,278.393132014653,0.90895707087863,2.62611642414549e-05,249
1.02724609805341,355.236156208287,2.1472155473403,52.4598084256474,250
2.0604579662372,18.0068446776412,6.63635114582091,40.4104846903158,251
4.7604267133046,0.34432071014738,128.354948814159,465.257248272503,252
4.72688120236942,104.353008839724,25.0189226280139,0.00653057888569899,253
0.497577541855127,72.8819643936916,3.42128539257009,62.037362272223,254
-1.69207964031814,3.31103212016711,112.410017865841,33.9280212567302,255
-2.47924937249883,213.369384373848,5.36154620731577,0.626346556412968,256
-2.1473255319096,2.80062451697735,135.906211288726,7.57847702074592,257
-1.14822629267141,193.722138518773,23.8797450318344,344.829540532318,258
3.18114401485022,291.300991355295,37.4514726802587,12.782044388705,259
1.33389885039163,230.591023337596,21.1246570390071,0.716757345982316,260
-1.24702928673213,203.775768873375,73.1602669450882,56.0620375162292,261
-0.920988000557935,829.397968435011,0.422945222915589,3.28677693673931,262
-1.6140306611976,786.144411453684,2.26887674197639,0.284066247915575,263
4.29807544556725,19.0621587836491,90.7990025347118,314.141618751183,264
1.55366272074603,822.912014246565,0.580625182534499,0.0983610692190595,265
-3.70161465046036,218.042398987464,49.3276914916146,9.48326277878315e-05,266
-1.22984348960174,0.201570210505879,13.8491015967956,0.103427014112588,267
4.41634513223379,371.027576033047,1.46831178687282,0.971384258113611,268
0.294404604597621,38.0127476892233,44.7742735230046,236.519051732614,269
-3.08449624659023,3.7709339888171,400.588054743238,12.7492718984121,270
1.72305569787609,632.530090887787,9.40850151592327,89.1876227052492,271
-3.42289413631298,10.7911809273167,51.6785324715684,0.936075454527944,272
-0.764860831230345,355.429058394308,0.979425455668801,0.0149832681515499,273
-0.443649103342355,103.98086831979,0.280444336532571,0.000241137802384556,274
-3.31951413688683,126.861954735357,2.59563858624793,1.03104953997564,275
0.211034393890803,12.9222870524351,11.5321474407677,0.0882628139793716,276
-4.37052863371018,269.558933885038,13.7825988810025,2.80880225450436e-05,277
-0.478845772753121,133.396685755215,826.817692562899,0.000109160973077305,278
-1.27246367038017,396.795822701645,0.184457512693876,0.152215177676749,279
-0.334196427855392,2.11993973726593,664.622676697341,0.0726392928956719,280
-3.02351711849983,58.988318713067,0.496149830260499,7.66474645144905e-07,281
-0.524306601375044,27.4209595576234,0.617962774229539,20.2399466398271,282
-2.30109086758959,45.43753082842,4.11025717927661,6.58250026772753,283
-1.53464685429487,295.750001991232,2.59649295923188,0.000401545805809199,284
-1.59658446471576,481.639419521788,0.557676495429424,0.000275970805984018,285
1.10377996992623,87.8475811080948,4.36841617384711,893.832381921013,286
-0.321283041706162,144.228025138355,17.2203913346018,9.96103371188457e-06,287
0.612272719883743,44.2329512666981,14.9861499771505,0.00943439574158984,288
-2.11772773890874,68.1746164579052,0.624098194562251,0.0605829851735384,289
-0.302496101643811,450.825184168936,91.3860629452254,0.050230664081358,290
-3.51578933756473,26.9903546549678,121.833074011171,0.0129660023557155,291
-0.37145564927846,18.6753846916231,1.39734804879066,0.000350385850019511,292
0.178538657269182,90.0287407493859,4.37624792298434,1.7353388116801e-06,293
-1.75727299582024,374.812762182926,0.0179470670024665,6.89182936640072e-05,294
2.04908868991448,17.3755939827244,0.751628661218671,0.0434910026889194,295
-0.034525699233003,211.143551675915,3.42178268849652,1.02206597175835e-07,296
1.60133721504469,72.3962945058386,0.0781818733782191,0.0589838860248631,297
0.84193060373659,75.1110370726122,0.760053796421736,0.933378666886842,298
2.00715990750307,196.861556954166,0.0955813475003708,0.00485792085632495,299
-0.162129894676878,314.803821656902,0.0870288984198044,2.33702044482493e-05,300
2.3584286088808,135.320925430338,0.190179047009437,8.83080383111473e-05,301
0.760846830606254,826.10472098713,0.0604395653312078,0.000134345857656524,302
-0.196269607926911,66.9011050553874,0.142974036286559,1.86133655539124e-05,303
1.83217389220655,785.182698030863,0.503402618986384,385.506709488869,304
0.495839546973675,11.139718924438,0.0289031344377973,1.25532688010497e-08,305
4.23723904838352,77.7823615335893,1.46545753313274,0.00340203590257012,306
-1.0618787976245,690.209516258445,19.2471535592193,1.62166073787024e-07,307
2.69782576643927,389.659925217175,0.0557582488943742,0.0038117682146599,308
0.207280811229338,16.2065314695891,0.334602369707785,2.39301247213157e-05,309
0.374816348675893,661.064699257357,0.0334464077357214,8.15501409258826e-05,310
-3.18159581222887,44.7649000418935,2.51402680380771,925.402230715145,311
-2.53184151356441,5.32443207766164,113.742778724778,0.00207627883218198,312
1.43187216311748,0.056442158193865,128.986727402284,5.91722153918162,313
2.41671211536938,0.791746891837477,20.1642760734166,125.357700229603,314
2.8415692856247,7.14618622493465,11.1824046126742,7.15402695349501,315
1.8866904926957,1.66307601415066,0.489971752369767,33.2625717496691,316
0.618070936395496,0.0133335859615543,4.73519649584364,0.238225902644924,317
-0.60736479278424,18.6722695694574,3.82951516422107,0.565043897870324,318
2.49293816265754,74.3615981703527,1.07082400320332,19.9606952981142,319
-1.87374184503024,4.58135930056151,2.64066257365365,0.663084973798702,320
-5.24570698277489,58.6910537926748,0.893695638308435,0.805182273696781,321
-3.08694521101264,1.18865942512585,57.0720104738904,49.3931291444956,322
-3.73578699687435,31.9860710837751,0.0282786266181636,970.171121996691,323
3.32243809016675,0.101360474045168,7.32091701037736,3.13597952004183,324
2.17168376913369,32.103950080414,7.68706675845081,0.000142258078471865,325
0.490167843976096,1.9751133417828,631.823042677062,137.808788581745,326
2.94009231612295,0.0151036181410225,302.712187931836,563.151118816082,327
1.73959702794704,0.927536825819494,0.926464713774046,208.759084791021,328
0.665765947929487,0.0742834706136523,66.1513718998385,0.271997237924933,329
2.54239841179761,214.099493147118,1.07635133907052,0.000109719951484385,330
-1.13574219866765,94.7307760082125,0.129101472731353,0.155682188260689,331
2.64799399674349,76.9714680693086,8.53508085279454,14.4796732356984,332
3.90318734822038,0.24555148801816,8.71742613474327,0.221268342213888,333
0.415356131940784,49.9724181298272,802.400680320439,0.110651568004565,334
2.76098548497767,3.61863219339775,292.413670166724,81.0617228751786,335
2.7583605836967,617.976717537955,2.91096001090988,0.912876303102311,336
4.78717381266595,394.939521407677,0.128944604923565,3.32473912463974,337
-0.539740782616176,214.928379371248,0.156330140900873,41.2399709817777,338
2.9924888595145,55.7951131080365,22.4690243789775,3.98733181854752,339
3.20838198033196,0.400416997937269,0.24021336430517,0.477701499038087,340
-0.101117663857458,0.380508915833797,35.9653378496463,281.998969731963,341
0.472238166808922,98.8612822480171,0.380628986658008,4.76269646071924,342
4.64679700681296,224.214174197644,9.72106845821435,0.00209518923211037,343
2.81809891784808,53.9271078943452,24.1312778613337,0.245427273272091,344
-0.331595211700244,528.893067429826,0.170995925608116,0.012430184919396,345
1.45687035946113,0.832510814756703,56.2075217817969,5.51436343306586,346
1.96829812483996,1.35611009070797,21.4132201095816,0.00252225698188708,347
3.29243158773681,89.2436302405691,0.273409408990095,986.870589760309,348
4.35560269068176,34.9740522794509,20.7089737346573,0.000605521632962145,349
0.213334005171483,29.5905561708516,2.23942557834763,0.00380816617253722,350
-2.49607420361744,911.393415670364,11.9063066381411,1.8308170466555e-08,351
-0.250132834831949,0.0458778777280845,33.0079883357358,139.590238083453,352
2.35013690408388,3.49238993672641,256.853239490724,2.22102152639324e-05,353
4.37719868166184,3.34319755512512,37.8443388645697,87.7636223864707,354
3.41997052001348,6.65419193648059,133.079494607943,0.155014598859468,355
4.39398308265611,0.0456844114218806,2.19666527525483,0.0950777141250296,356
-1.43060939251606,0.612520120539358,263.072656785157,6.75518186480584e-05,357
4.29944463096465,0.109779164387135,672.938979175987,99.2315162471196,358
2.32748713315732,3.31171762106052,286.807043074147,23.2815037076301,359
3.69764880552453,2.1385987968474,94.7278728274684,106.789751573301,360
4.34243943815575,16.6358977516772,505.530407473925,0.896241041917768,361
4.76602114437255,10.1843000287524,15.837769247728,932.833577344754,362
2.18818722385617,0.389929367675419,62.6586344226067,114.759073929311,363
4.16834184218304,2.3704186238364,705.589021667807,4.15519635654992,364
3.53938939585231,0.398670300343138,77.2270079382943,160.479308294255,365
-0.304821888663203,412.02096190653,106.497011706342,0.0150640735715744,366
4.34142465176811,58.7176824034863,921.12998814826,15.2317249786574,367
-4.00741287842795,0.634530051464913,27.590303757714,1.39075083772097,368
-0.940987769234798,0.238210242981719,194.576177804313,45.0643820687133,369
1.63611599268703,0.0159044843752495,73.6331580188719,37.9670127843372,370
-3.1671527859997,0.00185120878215946,907.469462445143,26.4129948458996,371
-1.80084978491329,0.0270045983393462,490.519898969398,0.441708969214314,372
-1.71077623081887,6.22034127990734,10.2152541091765,544.121565364795,373
-4.58330713812096,0.0239931271918477,8.26292720168767,51.9578811200294,374
-0.874424527207886,0.0274643055197675,741.209509286984,406.011499475159,375
-3.27368116092939,0.000117771328888224,28.9769502986188,593.062209795822,376
1.43680101522817,0.151387349044482,20.2904774202486,131.974222778246,377
-0.664362138982754,0.169162255432796,1.00866642787886,120.559274178963,378
-1.48044829671014,1.13869879161495,16.3213276241497,1.84407955011094,379
0.305460438349559,0.0226570904013826,663.900936957579,137.449928506625,380
-1.81391045159368,0.182383635881619,15.5517828296798,610.343952071533,381
-2.6227758479035,9.41877010370663,35.213353481504,0.00771645277505022,382
1.13794429849628,0.0809580567697781,30.5168638246567,327.142113110819,383
-0.31150870586111,0.0222917139580549,63.0492339694497,28.2641563123674,384
0.156277520134543,2.13591042896716,14.2577527061441,0.119998917169384,385
-5.49467411683638,0.135181857401466,51.9779115520316,0.524185483375238,386
2.73733772538618,25.9244256426475,1.46733539438112,1.56620667786833,387
1.57533758364863,86.0832315220127,1.05211087985746,0.661852734742277,388
2.11168828746117,73.1381460817731,19.2183053578045,0.216705080209506,389
-0.0881965427978528,572.659715248332,0.0766866735077962,13.2823275077267,390
-2.28274765401672,108.131702734335,2.52823353698079,48.519934379707,391
4.39416059829947,2.10032771653899,0.362010241956271,0.106064330258111,392
4.30991817292731,1.11814697691122,69.1822191384927,0.363591404144385,393
1.11253747021618,254.332694419943,0.0685985159867253,19.0653283855796,394
1.69968391464112,16.2567427422497,33.7790156276427,30.9454469665649,395
2.16779379892231,419.836648535679,0.554753192485603,1.92013746077394,396
1.09092063186715,745.849181515855,20.505152494587,380.296774885333,397
1.07312809472226,77.4528634504809,0.283650030276301,693.989319984008,398
-1.82504071579014,721.476291246569,1.6796398829761,0.0338338167102083,399
-0.449740084410492,72.638152854434,0.0166903346269409,0.0672211304807006,400
2.30570114854897,35.7634058969132,1.13349652382453,0.198545565342883,401
1.30297839782263,23.6881087983404,5.92966041470894,2.0502279271734,402
0.117436758506887,842.608690676653,7.11853149978358,0.8028864727432,403
0.972804063496633,95.3181141982085,0.0496376419985652,28.1880803437334,404
1.56070028623563,120.15731265672,20.1076809199338,3.98861374884557,405
3.01771103302024,0.185605174646418,26.2324036855382,0.0298351904875593,406
3.90901391472094,46.5221296615551,2.75311581687475,19.2310228195867,407
2.78547955647551,3.99462925875592,0.854921669282013,648.364663762728,408
1.3478429917029,0.316199160389801,4.50031949611184,0.00354537302180501,409
-0.166524240467849,324.202334827016,1.34997289141283,569.479206150602,410
0.588192949039585,0.741917109938169,6.13692405499192,20.4974069277582,411
-3.62505854648871,3.47841464149571,0.337977833331878,28.7099232080742,412
-1.65475224838021,3.00040698600339,10.3910704200969,621.887554136699,413
1.99294220731664,7.07419755853923,2.35169663874723,64.8800153744675,414
0.378762260546055,1.83536223871324,1.28071788266017,41.7794121791585,415
2.24041261453036,0.0480053821084609,18.5598106037234,17.4946931978927,416
4.62105522687774,275.722705277573,2.04330675272054,45.6326779992996,417
3.03159588834223,115.723781047102,13.739448953992,52.0854438420302,418
-1.98270847510426,837.149532034588,1.23853574034014,0.00202804043978875,419
-5.07562091371787,70.8429704818292,0.00296940452274135,280.408224314473,420
0.58704056116434,2.56524711594997,3.22016263017712,166.136929201734,421
-2.96845617886798,61.942503149215,0.465601144993474,0.0136424544490577,422
-2.13850370826829,2.16972538312268,1.32184338357355,7.17286182760352,423
-0.813772454977091,50.1703267337071,17.1853043324772,0.045669546218919,424
-4.72729727698676,152.721343937382,0.250015029680038,350.234757439013,425
0.96535540210948,12.1766249972116,14.6947060617532,0.00120256616586666,426
0.0869720304157506,212.452609988983,0.0521249546762357,0.00364191607139757,427
-4.5773436063484,6.64556071651639,3.60345197752047,2.50818717351412,428
0.257428031215056,60.6171039319151,0.14227978274022,30.6428450860296,429
-2.01145062681801,162.444699911966,0.0301336078358995,0.00750618280154401,430
-2.34476236334767,144.793181112498,7.84349510699633,5.90124330174125e-06,431
1.00889537388741,89.7249392608715,0.0114586631720584,11.0899145837946,432
-2.17629984532843,221.010293903098,0.0643665006719229,258.958130121527,433
-0.350901409147528,60.7351571252294,0.38668612677549,3.22477762256696e-06,434
-5.07207523545061,0.67957669845149,0.853474220385437,251.513164671884,435
-0.535799272519338,649.025221464374,0.202587791612215,0.93972339343441,436
0.301761509140142,231.51090030985,0.0142607437324418,224.73398590046,437
-2.77675411042889,554.390378739059,0.0881524152162506,0.117520031738033,438
-1.42021114541882,177.989128869728,1.34546228463667,374.292239440656,439
-1.00878073157864,3.02105012174488,0.616079065598643,611.095161299858,440
-0.837630028141689,470.4158061811,0.205370850391994,0.0277739582303657,441
-2.86925807418133,308.324087649411,0.968899402050469,2.59143223696038,442
-4.41093933778623,67.9058831994084,0.0995467841993207,2.01041356813288e-06,443
0.977264196610908,28.5277440161812,1.40899106888327,28.466517120496,444
2.1283439826879,618.186543166202,4.06267580324113,1.58292246649679,445
4.63988041563466,0.245733461164239,1.08873161656757,3.2766543452799,446
3.68648698468529,1.49812185043892,4.36609945111335,508.893036410154,447
4.85269204618631,0.311822174704518,8.59498538350248,0.689000260053803,448
1.82791729713944,829.915196071814,0.0415775310465711,634.579165902913,449
4.0753258166925,7.70491528730348,99.5708459178105,0.960694898828395,450
-0.183615650786976,0.443261966382753,2.00295765980139,7.73931020239637,451
3.95403449131776,6.22550728156619,0.411735110893318,135.599977204656,452
4.50685060638655,174.007023426662,0.00907781680250571,996.851751003721,453
0.897545293184771,87.3542757110183,16.372237869079,81.7074914262491,454
1.56295583182026,3.21697252412879,4.89723896641942,0.802344889354181,455
2.04477692043054,7.64854974420739,0.124371367256267,123.94957939722,456
4.04221416108917,5.13486308349313,0.762517520104116,9.02499807321098,457
-0.0370408986615831,0.719766522231735,18.9744127214427,48.9084100979823,458
4.81545894192174,506.486308817821,0.306676467574549,280.890354954154,459
0.812342861341032,52.3257632514764,1.39244863401987,1.05821651628563,460
3.43232193797738,528.171963248224,9.04100245929467,39.8849916306181,461
4.51870321986845,6.6101495391094,4.9443220174469,196.480440198614,462
1.52854044226372,18.2841766000808,260.439797446173,37.6268795753737,463
-4.43068954735145,204.876771180584,1.26206090768104,12.0807916703045,464
-4.01306383308596,474.305920280514,1.01519286593412,0.00681562838169683,465
-1.40665535462583,77.2570550688666,2.30409769609328,0.366670319689366,466
-1.4879375163902,13.2111594143608,766.6617185592,0.026784536184365,467
-2.07567879947025,143.945463030639,10.8623750872175,0.00140575512624558,468
-3.42872714354683,20.1969861906067,2.85797362563616,0.0225420583096479,469
-5.2235246968715,4.38018105384313,36.5078009516041,6.0812242042671,470
-2.34899918611042,8.3897531928405,43.5291825763674,0.00142681244898901,471
-1.07514011496517,12.2503137760156,410.778022777259,0.45874309868222,472
0.622068009392711,12.9279837608173,26.4259954800264,50.7355642840465,473
-0.650874800136339,60.7148857869594,0.0787355730555772,281.796462970735,474
-0.241971552100637,28.0422233543906,16.0748303871566,0.374324911063491,475
-2.43740574742125,110.819401610838,1.64403109713257,0.000239596262740565,476
-1.87340432806625,66.8073685095698,5.61256726391742,10.2937663650447,477
-2.4397546334616,24.5992218165243,0.122896116441647,0.00259127132886829,478
-0.972411246343398,9.05216334543532,17.3802381644333,0.0977059059301313,479
-0.41004279500732,74.4079394087583,352.884219732343,0.125275628399187,480
-2.05688766959715,2.50886365138443,63.0848764855725,0.227655468877786,481
-2.68372891452598,430.148387237288,0.0192604377248213,0.0034833442597874,482
0.0547541396951599,402.381171388326,0.0104376819703179,40.6726668739974,483
-2.28118207918807,18.5160114309365,4.48537417418735,587.374616687268,484
-2.19341804138478,1.29110855724162,151.562290938592,0.216021390366083,485
-1.64704594957349,94.1001395293304,0.0641749933865081,1.66948566175333,486
0.903405797670848,207.362387891353,0.168191255421735,0.0041536107029232,487
-2.15802221766693,667.136837851232,50.505137227393,0.000560437584739608,488
1.59867115307878,61.2649260952972,1.52971537786661,0.227712115530157,489
-3.62903310387975,152.119149642298,2.12333144922796,0.0121147207481533,490
-1.11252153461534,546.82765745859,0.135761964041624,22.3716775065836,491
-1.9248495269885,3.91842562997318,0.00904650765061908,0.000792532155306094,492
-5.11550500872697,11.2826415473658,19.5910512020631,974.692330103612,493
-5.46486314947538,800.04517274654,5.5703207321916,0.456083299539685,494
-2.19723836297755,888.318977926908,0.333742980842874,0.0538697033158602,495
-6.9955716478521,43.8321313870327,2.79874285444885,0.00605469691445629,496
-1.20028091245888,130.516134234526,4.39760328902806,0.137980951663369,497
-6.10787520848901,92.5256503065986,13.2955516515004,1.20578288035594,498
-2.0082446705656,82.8340851300847,72.6810171721654,0.0542806240500564,499
-4.05878071685105,164.90200364969,0.239681045080558,11.229963531537,500
